datetime,open,high,low,close,volume
2024-09-02T00:00:00+00:00,0.67678,0.6794600000000001,0.66853,0.6713899999999999,586565.010806676
2024-09-05T00:00:00+00:00,0.6713899999999999,0.6767299999999999,0.6659799999999999,0.6667399999999999,490384.7692033959
2024-09-08T00:00:00+00:00,0.6667399999999999,0.6688999999999999,0.6641,0.6656299999999999,369245.1022560069
2024-09-11T00:00:00+00:00,0.6656299999999999,0.67327,0.66254,0.6701,659505.4636644615
2024-09-14T00:00:00+00:00,0.6707,0.6753600000000002,0.67013,0.6751500000000001,166466.99872550878
2024-09-17T00:00:00+00:00,0.6751500000000001,0.6836099999999999,0.67347,0.68117,789978.9018009278
2024-09-20T00:00:00+00:00,0.68117,0.6831400000000001,0.67856,0.68095,233641.2860069516
2024-09-23T00:00:00+00:00,0.68095,0.6907800000000001,0.67998,0.6818500000000001,666500.2687795914
2024-09-26T00:00:00+00:00,0.6818500000000001,0.6932399999999997,0.68184,0.6893499999999998,493750.50229098136
2024-09-29T00:00:00+00:00,0.6893499999999998,0.69421,0.6856,0.6879200000000001,549019.5475035387
2024-10-02T00:00:00+00:00,0.6879200000000001,0.69155,0.6785,0.67912,717292.3071419242
2024-10-05T00:00:00+00:00,0.6788500000000001,0.68099,0.6742900000000001,0.6757999999999998,234387.89551781275
2024-10-08T00:00:00+00:00,0.6757999999999998,0.6772299999999999,0.6699700000000001,0.6740900000000001,772170.8581510503
2024-10-11T00:00:00+00:00,0.6740900000000001,0.6759300000000001,0.6723,0.673,164844.31861971287
2024-10-14T00:00:00+00:00,0.673,0.6744600000000001,0.66579,0.66643,566439.5372288491
2024-10-17T00:00:00+00:00,0.66643,0.6718399999999999,0.66635,0.6700899999999999,375409.0898123208
2024-10-20T00:00:00+00:00,0.6700899999999999,0.6722699999999999,0.66504,0.66817,349789.0906720885
2024-10-23T00:00:00+00:00,0.66817,0.66917,0.65991,0.6600900000000001,512647.5583275511
2024-10-26T00:00:00+00:00,0.6614800000000001,0.6614800000000001,0.65779,0.65828,154677.65172360503
2024-10-29T00:00:00+00:00,0.65828,0.65958,0.65364,0.65763,579635.371142803
2024-11-01T00:00:00+00:00,0.65763,0.6606700000000001,0.65534,0.65872,207393.28783376422
2024-11-04T00:00:00+00:00,0.65872,0.6646299999999999,0.65135,0.65664,861853.0428661924
2024-11-07T00:00:00+00:00,0.65664,0.6687500000000001,0.65578,0.65795,530339
2024-11-10T00:00:00+00:00,0.65864,0.65979,0.65137,0.6529200000000001,431139.6562894986
2024-11-13T00:00:00+00:00,0.6529200000000001,0.65456,0.6440400000000001,0.64588,790612.8283356802
2024-11-16T00:00:00+00:00,0.64605,0.6511,0.64475,0.65052,205946.61682149355
2024-11-19T00:00:00+00:00,0.65052,0.65441,0.64819,0.6508900000000001,678932.9530193103
2024-11-22T00:00:00+00:00,0.6508900000000001,0.6521100000000001,0.64707,0.6496500000000001,277524.5750520203
2024-11-25T00:00:00+00:00,0.6496500000000001,0.65072,0.64333,0.64963,763513.4388887046
2024-11-28T00:00:00+00:00,0.64963,0.6524599999999999,0.64769,0.6505899999999999,366754.46517918847
2024-12-01T00:00:00+00:00,0.6510100000000001,0.6519100000000001,0.6447400000000001,0.6484700000000001,466753.73032800946
2024-12-04T00:00:00+00:00,0.6484700000000001,0.6487900000000001,0.63724,0.6387500000000002,616570.1739968213
2024-12-07T00:00:00+00:00,0.6387500000000002,0.64737,0.63819,0.64396,175462.07740758633
2024-12-10T00:00:00+00:00,0.64396,0.64401,0.63362,0.63759,695641.1406224563
2024-12-13T00:00:00+00:00,0.63759,0.63886,0.63481,0.6366300000000001,183425.69273691942
2024-12-16T00:00:00+00:00,0.6366300000000001,0.6382100000000002,0.61996,0.62046,566865.965666846
2024-12-19T00:00:00+00:00,0.62046,0.6272500000000001,0.6198699999999999,0.6244900000000001,491229.20057942346
2024-12-22T00:00:00+00:00,0.62551,0.6266700000000001,0.6198499999999999,0.62071,313163.84013606125
2024-12-25T00:00:00+00:00,0.62432,0.62547,0.6206699999999998,0.6217599999999999,325904.59384209407
2024-12-28T00:00:00+00:00,0.62165,0.62515,0.62066,0.62204,165417.37415489857
2024-12-31T00:00:00+00:00,0.62204,0.6245200000000009,0.61814,0.62007,412269.50741291174
2025-01-03T00:00:00+00:00,0.62007,0.62275,0.61975,0.6223500000000001,163464.12110720182
2025-01-06T00:00:00+00:00,0.6223500000000001,0.63049,0.6188,0.6212300000000001,677503.8258622495
2025-01-09T00:00:00+00:00,0.6212300000000001,0.6214500000000001,0.6140499999999999,0.6145599999999999,374466.18858828535
2025-01-12T00:00:00+00:00,0.6147600000000001,0.6206999999999999,0.61309,0.61905,414756.3027973386
2025-01-15T00:00:00+00:00,0.61905,0.6246200000000001,0.6164,0.6186999999999999,581154.3155467322
2025-01-18T00:00:00+00:00,0.6186999999999999,0.6286499999999999,0.6183399999999999,0.628,276007.9717101326
2025-01-21T00:00:00+00:00,0.628,0.6298700000000002,0.62078,0.6281700000000002,662500.3396878922
2025-01-24T00:00:00+00:00,0.6281700000000002,0.6329700000000001,0.6277600000000002,0.6295599999999999,236451.73707196984
2025-01-27T00:00:00+00:00,0.6295599999999999,0.63101,0.62098,0.62388,655298.5356083198
2025-01-30T00:00:00+00:00,0.62388,0.62624,0.61985,0.6207100000000001,479006.72835327155
2025-02-02T00:00:00+00:00,0.6154700000000001,0.6262000000000003,0.6087400000000003,0.6249400000000003,717116.9007240798
2025-02-05T00:00:00+00:00,0.6249400000000003,0.63012,0.6240200000000002,0.62624,616549.3777369177
2025-02-08T00:00:00+00:00,0.62624,0.63198,0.62611,0.6273299999999999,162261.93515432382
2025-02-11T00:00:00+00:00,0.6273299999999999,0.63224,0.62384,0.63161,658292.6015441477
2025-02-14T00:00:00+00:00,0.63161,0.63674,0.63099,0.63573,190718.90055867002
2025-02-17T00:00:00+00:00,0.63573,0.6375,0.6334899999999998,0.6351,490411.5156190939
2025-02-20T00:00:00+00:00,0.6351,0.64145,0.63379,0.63563,383456.62586125766
2025-02-23T00:00:00+00:00,0.63644,0.63912,0.6321599999999998,0.6351100000000001,420275.8636199383
2025-02-26T00:00:00+00:00,0.6351100000000001,0.63525,0.6192700000000001,0.62038,717544.3979789137
2025-03-01T00:00:00+00:00,0.62038,0.62468,0.61959,0.62152,270256.18198982225
2025-03-04T00:00:00+00:00,0.62152,0.63637,0.61867,0.6330999999999999,1025927.5338555377
2025-03-07T00:00:00+00:00,0.6330999999999999,0.6336599999999999,0.6281499999999999,0.63038,300534.74221300735
2025-03-10T00:00:00+00:00,0.63038,0.63319,0.6258300000000001,0.6329400000000001,810336.2468367585
2025-03-13T00:00:00+00:00,0.6329400000000001,0.63348,0.6270100000000001,0.6321100000000001,397310.8529077795
2025-03-16T00:00:00+00:00,0.6320100000000001,0.63906,0.63176,0.63611,301458.74504332186
2025-03-19T00:00:00+00:00,0.63611,0.6366299999999999,0.62576,0.62696,506949.4757941761
2025-03-22T00:00:00+00:00,0.62696,0.63062,0.62629,0.6286200000000001,149865.06230338532
2025-03-25T00:00:00+00:00,0.6286200000000001,0.6330399999999999,0.62779,0.6300400000000002,441386.45987631415
2025-03-28T00:00:00+00:00,0.6300400000000002,0.6311700000000001,0.6267200000000003,0.6280300000000003,143990.3138756196
2025-03-31T00:00:00+00:00,0.6280300000000003,0.6345500000000004,0.6216700000000003,0.6264500000000004,568202.1596079075
2025-04-03T00:00:00+00:00,0.6264500000000004,0.6389400000000004,0.5987000000000005,0.6036100000000004,1019358.1141178601
2025-04-06T00:00:00+00:00,0.6036100000000004,0.6165900000000007,0.5936700000000001,0.5950000000000001,1544966.953921582
2025-04-09T00:00:00+00:00,0.5950000000000001,0.6296499999999999,0.5910800000000002,0.6284,2105933.425802397
2025-04-12T00:00:00+00:00,0.6284,0.6323599999999999,0.6255999999999999,0.62983,373585.58110309223
2025-04-15T00:00:00+00:00,0.62983,0.6394199999999999,0.62983,0.6379699999999999,772392.7432319471
2025-04-18T00:00:00+00:00,0.6379699999999999,0.6399999999999997,0.63555,0.6396499999999997,908065.8747347507
2025-04-21T00:00:00+00:00,0.6396499999999997,0.6444699999999998,0.6345999999999995,0.6363699999999997,724389.4653365609
2025-04-24T00:00:00+00:00,0.6363699999999997,0.6434099999999998,0.6343699999999997,0.6407099999999999,377462.1393572792
2025-04-27T00:00:00+00:00,0.6407099999999999,0.6474499999999999,0.6391099999999998,0.6409199999999997,353095.48901899403
2025-04-30T00:00:00+00:00,0.6409199999999997,0.6496299999999999,0.6377799999999998,0.64726,589862.9906740583
2025-05-03T00:00:00+00:00,0.64726,0.6519199999999999,0.64596,0.6483,183107.86822772422
2025-05-06T00:00:00+00:00,0.6483,0.65371,0.6410000000000005,0.6411900000000004,605053.7621300594
2025-05-09T00:00:00+00:00,0.6411900000000004,0.6451100000000004,0.6389400000000004,0.6413200000000001,149299.5114498821
2025-05-12T00:00:00+00:00,0.6413200000000001,0.65002,0.6350800000000001,0.6428299999999998,625321.8906273709
2025-05-15T00:00:00+00:00,0.6428299999999998,0.6459099999999999,0.6379699999999996,0.6393299999999996,299010.0842725629
2025-05-18T00:00:00+00:00,0.6393299999999996,0.6458199999999997,0.6384399999999997,0.6421499999999998,310180.1788587582
2025-05-21T00:00:00+00:00,0.6421499999999998,0.6494399999999997,0.6402399999999997,0.6486499999999997,512429.19766319613
2025-05-24T00:00:00+00:00,0.6486499999999997,0.6527499999999996,0.6470499999999997,0.6470799999999995,114871.90025908756
2025-05-27T00:00:00+00:00,0.6470799999999995,0.6486299999999996,0.6397099999999996,0.6435899999999998,519627.8082312847
2025-05-30T00:00:00+00:00,0.6435899999999998,0.6444499999999997,0.6399499999999998,0.6433799999999998,193343.50093312777
2025-06-02T00:00:00+00:00,0.6433799999999998,0.65073,0.6433399999999998,0.6491699999999999,460516.27978993877
2025-06-05T00:00:00+00:00,0.6491699999999999,0.6540199999999998,0.6482399999999997,0.6492299999999998,356884.30901184457
2025-06-08T00:00:00+00:00,0.6492299999999998,0.6539899999999996,0.6492299999999998,0.6534299999999997,297266.4677276923
2025-06-11T00:00:00+00:00,0.6534299999999997,0.6551299999999997,0.6469099999999998,0.6495099999999997,638337.4029734407
2025-06-14T00:00:00+00:00,0.6495099999999997,0.6574300000000002,0.6488700000000002,0.6534900000000002,198059.7597375512
2025-06-17T00:00:00+00:00,0.6534900000000002,0.6566100000000001,0.6465000000000001,0.64928,589147.9399880238
2025-06-20T00:00:00+00:00,0.64928,0.6502899999999999,0.6445800000000002,0.6476800000000001,168297.67565512078
2025-06-23T00:00:00+00:00,0.6476800000000001,0.6555399999999999,0.6403700000000001,0.6553199999999999,600525.6455643853
2025-06-26T00:00:00+00:00,0.6553199999999999,0.6596199999999999,0.6540099999999999,0.6561799999999999,377388.64496196003
2025-06-29T00:00:00+00:00,0.6561799999999999,0.6621599999999997,0.6553799999999997,0.6610499999999997,331641.5054885822
2025-07-02T00:00:00+00:00,0.6610499999999997,0.6619899999999997,0.6568199999999997,0.6579799999999996,467219.00409021485
2025-07-05T00:00:00+00:00,0.6579799999999996,0.6587499999999997,0.6516899999999998,0.6537999999999998,169251.79689565382
2025-07-08T00:00:00+00:00,0.6537999999999998,0.6620799999999997,0.6537899999999998,0.6618899999999996,490947.3262625383
2025-07-11T00:00:00+00:00,0.6618899999999996,0.6620199999999996,0.6581899999999996,0.6612199999999996,188767.34654432366
2025-07-14T00:00:00+00:00,0.6612199999999996,0.6624599999999996,0.6533399999999996,0.6560999999999996,507520.63221385516
2025-07-17T00:00:00+00:00,0.6560999999999996,0.6578899999999995,0.6492899999999995,0.6541999999999994,248416.10494602547
2025-07-20T00:00:00+00:00,0.6541999999999994,0.6590999999999996,0.6532399999999995,0.6584399999999996,243305.8412749932
2025-07-23T00:00:00+00:00,0.6584399999999996,0.6656799999999995,0.6581599999999995,0.6595899999999995,461521.0950569209
2025-07-26T00:00:00+00:00,0.6595899999999995,0.6607399999999994,0.6534299999999994,0.6542599999999996,173741.1340500146
2025-07-29T00:00:00+00:00,0.6542599999999996,0.6550799999999996,0.6442699999999998,0.6448899999999997,578464.5478951929
2025-08-01T00:00:00+00:00,0.6448899999999997,0.6514499999999998,0.6439499999999997,0.6491999999999998,291990.8476505153
2025-08-04T00:00:00+00:00,0.6491999999999998,0.6530799999999997,0.6470999999999998,0.6521499999999997,455782.87046691315
2025-08-07T00:00:00+00:00,0.6521499999999997,0.6563199999999997,0.6511299999999997,0.6541699999999997,282205.7946035622
2025-08-10T00:00:00+00:00,0.6541699999999997,0.6559999999999995,0.6501199999999995,0.6550199999999994,312688.4123497852
2025-08-13T00:00:00+00:00,0.6550199999999994,0.6588699999999992,0.6502699999999992,0.6527999999999992,392738.88636427163
2025-08-16T00:00:00+00:00,0.6527999999999992,0.6545299999999991,0.6502699999999991,0.651559999999999,102181.82430188417
2025-08-19T00:00:00+00:00,0.651559999999999,0.651829999999999,0.6435799999999989,0.644689999999999,370874.6355068286
2025-08-22T00:00:00+00:00,0.644689999999999,0.652229999999999,0.6436299999999989,0.6511399999999988,166591.67673512176
2025-08-25T00:00:00+00:00,0.6511399999999988,0.6539799999999988,0.6489399999999987,0.6538499999999987,371731.03560914315
2025-08-28T00:00:00+00:00,0.6538499999999987,0.6574499999999988,0.6531599999999987,0.6561399999999987,233793.67579025656
2025-08-31T00:00:00+00:00,0.6561399999999987,0.6579899999999987,0.6503299999999987,0.6539299999999987,261318.2303971904
2025-09-03T00:00:00+00:00,0.6539299999999987,0.6617199999999988,0.6522699999999987,0.6578899999999988,434896.3215676051
2025-09-06T00:00:00+00:00,0.6578899999999988,0.6628099999999986,0.6574499999999986,0.6627099999999986,127288.30379700761
2025-09-09T00:00:00+00:00,0.6627099999999986,0.6699099999999987,0.6607599999999985,0.6697699999999986,429712.88740157644
2025-09-12T00:00:00+00:00,0.6697699999999986,0.6701399999999986,0.6662999999999987,0.6680599999999987,121060.59499665072
2025-09-15T00:00:00+00:00,0.6680599999999987,0.6738399999999984,0.6672399999999984,0.6688099999999984,467351.1923986543
2025-09-18T00:00:00+00:00,0.6688099999999984,0.6695999999999983,0.6622099999999983,0.6624199999999983,310799.38083551277
2025-09-21T00:00:00+00:00,0.6624199999999983,0.6651099999999983,0.6610099999999984,0.6634599999999983,259049.6758203698
2025-09-24T00:00:00+00:00,0.6634599999999983,0.6663699999999982,0.6558499999999984,0.6582099999999983,473507.1796161601
2025-09-27T00:00:00+00:00,0.6582099999999983,0.6618199999999981,0.6578999999999983,0.661519999999998,137793.88530092355
2025-09-30T00:00:00+00:00,0.661519999999998,0.6666499999999981,0.660819999999998,0.663659999999998,510733.0705044023
2025-10-03T00:00:00+00:00,0.663659999999998,0.665159999999998,0.662639999999998,0.6649199999999983,144032.75473378052
2025-10-06T00:00:00+00:00,0.6649199999999983,0.6679799999999982,0.6611999999999981,0.6640399999999982,479275.60926363105
2025-10-09T00:00:00+00:00,0.6640399999999982,0.6668099999999982,0.6525099999999983,0.6528399999999982,441090.7991076851
2025-10-12T00:00:00+00:00,0.6528399999999982,0.653969999999998,0.644659999999998,0.6496499999999981,446753.11290384084
2025-10-15T00:00:00+00:00,0.6496499999999981,0.652879999999998,0.644929999999998,0.6496499999999981,687498.030284112
2025-10-18T00:00:00+00:00,0.6496499999999981,0.6531299999999981,0.6493999999999981,0.6525899999999981,160437.86582830458
2025-10-21T00:00:00+00:00,0.6525899999999981,0.6534899999999981,0.6482599999999982,0.6524299999999984,538520.0625529314
2025-10-24T00:00:00+00:00,0.6524299999999984,0.6538499999999984,0.6498099999999984,0.6504699999999984,167624.88740043147
2025-10-27T00:00:00+00:00,0.6504699999999984,0.6589299999999985,0.6499599999999984,0.6548099999999983,538413.9992400992
2025-10-30T00:00:00+00:00,0.6548099999999983,0.6569299999999983,0.6504099999999984,0.6514699999999984,367752.06844870397
2025-11-02T00:00:00+00:00,0.6514699999999984,0.6532499999999984,0.6450999999999985,0.6454699999999984,291946.02905354544
2025-11-05T00:00:00+00:00,0.6454699999999984,0.6488599999999984,0.6428599999999984,0.6461899999999985,496571.82577403204
2025-11-08T00:00:00+00:00,0.6461899999999985,0.6506399999999984,0.6455399999999984,0.6500199999999983,136671.27196461335
2025-11-11T00:00:00+00:00,0.6500199999999983,0.6544499999999982,0.6480499999999982,0.6490599999999982,508102.1408122525
2025-11-14T00:00:00+00:00,0.6490599999999982,0.6515399999999982,0.6467599999999982,0.6502199999999982,235225.21075901313
2025-11-17T00:00:00+00:00,0.6502199999999982,0.6507099999999982,0.6420999999999983,0.6459299999999983,569992.2020107
2025-11-20T00:00:00+00:00,0.6459299999999983,0.6471599999999983,0.6390599999999982,0.6423199999999981,471632.1328581612
2025-11-23T00:00:00+00:00,0.6423199999999981,0.6434999999999981,0.6395199999999981,0.6429499999999981,331042.3174831773
2025-11-26T00:00:00+00:00,0.6429499999999981,0.6519399999999981,0.6428399999999981,0.6508699999999978,641720.2665264136
2025-11-29T00:00:00+00:00,0.6508699999999978,0.6538499999999977,0.6507099999999978,0.6513399999999978,183657.58894154456
2025-12-02T00:00:00+00:00,0.6513399999999978,0.6594999999999979,0.6509499999999978,0.6577499999999978,438525.85505216586
2025-12-05T00:00:00+00:00,0.6577499999999978,0.6619999999999979,0.6577399999999979,0.6612899999999978,129584.59575255902
2025-12-08T00:00:00+00:00,0.6612899999999978,0.666389999999998,0.658569999999998,0.6651499999999981,485117.40604080353
2025-12-11T00:00:00+00:00,0.6651499999999981,0.6656999999999981,0.660459999999998,0.662639999999998,362247.5425808467
2025-12-14T00:00:00+00:00,0.6642,0.66554,0.6612600000000001,0.66269,361896.6089271023
2025-12-17T00:00:00+00:00,0.66269,0.66278,0.6587000000000001,0.66003,477286.0522129615
2025-12-20T00:00:00+00:00,0.66003,0.66593,0.66003,0.6655800000000001,122965.24670763605
2025-12-23T00:00:00+00:00,0.6655800000000001,0.67159,0.6654000000000001,0.6707499999999997,251125.82371290075
2025-12-26T00:00:00+00:00,0.6705,0.6743400000000004,0.6701300000000004,0.6741700000000004,139243.97165222935
2025-12-29T00:00:00+00:00,0.6741700000000004,0.6754900000000004,0.6689000000000005,0.6700800000000008,440363.98067572934
2026-01-01T00:00:00+00:00,0.66787,0.6731300000000012,0.66765,0.6715600000000013,169140.67827977685
2026-01-04T00:00:00+00:00,0.6715600000000013,0.6793200000000017,0.6714300000000016,0.6786300000000017,323766.90602800634
2026-01-07T00:00:00+00:00,0.6786300000000017,0.6818100000000017,0.671710000000002,0.673660000000002,444331.2248973073
2026-01-10T00:00:00+00:00,0.673660000000002,0.6782400000000021,0.673610000000002,0.6768200000000021,145709.3283836541
2026-01-13T00:00:00+00:00,0.6768200000000021,0.6787200000000021,0.672730000000002,0.6761000000000019,469542.9087049663
2026-01-16T00:00:00+00:00,0.6761000000000019,0.676980000000002,0.6731400000000022,0.6753800000000021,133697.90980829476
2026-01-19T00:00:00+00:00,0.6753800000000021,0.6846500000000021,0.6742300000000021,0.6822800000000021,493538.20202828065
2026-01-22T00:00:00+00:00,0.6822800000000021,0.6967400000000021,0.6822400000000021,0.6962500000000021,325992.2273244389
2026-01-25T00:00:00+00:00,0.6962500000000021,0.7059300000000022,0.6944800000000022,0.7039900000000023,440326.43021214043
2026-01-28T00:00:00+00:00,0.7039900000000023,0.7141200000000023,0.6987500000000023,0.7006800000000023,930269.2664947247
2026-01-31T00:00:00+00:00,0.7006800000000023,0.7034300000000024,0.6972000000000024,0.7021500000000023,315569.495013785
2026-02-03T00:00:00+00:00,0.7021500000000023,0.7114600000000023,0.6976900000000023,0.6979700000000023,733238.3362804078
2026-02-06T00:00:00+00:00,0.6979700000000023,0.7100600000000022,0.6961100000000023,0.7098600000000023,186701.5684946426
2026-02-09T00:00:00+00:00,0.7098600000000023,0.7210600000000025,0.7076600000000023,0.7191500000000025,520758.5691129414
2026-02-12T00:00:00+00:00,0.7191500000000025,0.7214500000000025,0.7111300000000025,0.7137600000000024,436309.34301507316
2026-02-15T00:00:00+00:00,0.7137600000000024,0.7182800000000021,0.7112600000000021,0.7177300000000021,274866.95674775395
2026-02-18T00:00:00+00:00,0.7177300000000021,0.719530000000002,0.711590000000002,0.718130000000002,511666.7359283952
2026-02-21T00:00:00+00:00,0.718130000000002,0.7216000000000021,0.7152200000000021,0.7163800000000021,173879.5780532322
2026-02-24T00:00:00+00:00,0.7163800000000021,0.7241000000000023,0.7130700000000021,0.7206600000000024,531897.3663434482
2026-02-27T00:00:00+00:00,0.7206600000000024,0.7266800000000024,0.7191400000000023,0.7236500000000023,215315.64515823984
2026-03-02T00:00:00+00:00,0.7236500000000023,0.7303200000000023,0.7124700000000023,0.7256000000000022,1270100.6544981033
2026-03-05T00:00:00+00:00,0.7256000000000022,0.7269800000000023,0.7154500000000023,0.7207000000000021,829469.174542695
2026-03-08T00:00:00+00:00,0.7207000000000021,0.739660000000002,0.7183500000000022,0.734760000000002,940926.8386693838
2026-03-11T00:00:00+00:00,0.734760000000002,0.7413900000000019,0.720350000000002,0.720450000000002,920783.1412197945
2026-03-14T00:00:00+00:00,0.720450000000002,0.729590000000002,0.7199000000000019,0.7284800000000018,247350.70439399919
2026-03-17T00:00:00+00:00,0.7284800000000018,0.7343100000000019,0.7221400000000019,0.7302200000000019,923165.8810896047
2026-03-20T00:00:00+00:00,0.7302200000000019,0.7319100000000018,0.7227200000000019,0.7255200000000017,315472.0345424215
2026-03-23T00:00:00+00:00,0.7255200000000017,0.7307600000000017,0.7155800000000018,0.7193900000000018,1303842.9380040346
2026-03-26T00:00:00+00:00,0.7193900000000018,0.7208000000000018,0.7118600000000018,0.7121800000000019,485859.7459366673
2026-03-29T00:00:00+00:00,0.7121800000000019,0.717530000000002,0.7087900000000019,0.717400000000002,610777.5567393219
2026-04-01T00:00:00+00:00,0.717400000000002,0.7216400000000021,0.68948,0.68948,674315.6871943708
2026-04-04T00:00:00+00:00,0.68948,0.6948900000000003,0.6886900000000002,0.6928100000000003,206555.22263868572
2026-04-07T00:00:00+00:00,0.6928100000000003,0.7111200000000005,0.6910100000000002,0.7089200000000005,905477.8494111255
2026-04-10T00:00:00+00:00,0.7089200000000005,0.7108100000000005,0.7057000000000005,0.7090800000000006,172903.06180074593
2026-04-13T00:00:00+00:00,0.7090800000000006,0.7236100000000006,0.7087700000000006,0.7234600000000007,513323.6149061549
2026-04-16T00:00:00+00:00,0.7234600000000007,0.727760000000001,0.7208200000000009,0.7218900000000008,378570.3548238507
2026-04-19T00:00:00+00:00,0.7218900000000008,0.7289900000000008,0.7217000000000008,0.725320000000001,406229.33420933294
2026-04-22T00:00:00+00:00,0.725320000000001,0.727370000000001,0.7208700000000009,0.7241400000000008,621864.8154197525
2026-04-25T00:00:00+00:00,0.7241400000000008,0.7311000000000007,0.7237300000000008,0.7301300000000007,148181.61460076345
2026-04-28T00:00:00+00:00,0.7301300000000007,0.7316700000000009,0.7212200000000007,0.7312300000000009,697951.7183289449
2026-05-01T00:00:00+00:00,0.7312300000000009,0.733960000000001,0.729520000000001,0.7304700000000008,171710.32936085347
2026-05-04T00:00:00+00:00,0.7304700000000008,0.7373600000000009,0.7231300000000009,0.7334300000000008,654691.4031457566
2026-05-07T00:00:00+00:00,0.7334300000000008,0.7363300000000008,0.7295900000000008,0.7339200000000008,373943.6866009922
2026-05-10T00:00:00+00:00,0.7339200000000008,0.7372400000000008,0.7321900000000008,0.7349500000000007,331056.5719292066
2026-05-13T00:00:00+00:00,0.7349500000000007,0.7384000000000007,0.7253200000000007,0.7258200000000007,537170.6000479062
2026-05-16T00:00:00+00:00,0.7258200000000007,0.730930000000001,0.724360000000001,0.7296600000000011,260112.09611190174
2026-05-19T00:00:00+00:00,0.7296600000000011,0.730060000000001,0.720570000000001,0.7271800000000012,707612.6328527982
2026-05-22T00:00:00+00:00,0.7271800000000012,0.7272000000000012,0.7240300000000012,0.7250400000000014,170278.10523173714
2026-05-25T00:00:00+00:00,0.7250400000000014,0.7275400000000013,0.7218300000000014,0.7228200000000017,417113.3944973479
2026-05-28T00:00:00+00:00,0.7228200000000017,0.7296800000000019,0.7193100000000017,0.7276500000000018,359764.613357682
2026-05-31T00:00:00+00:00,0.7276500000000018,0.7300000000000019,0.7244400000000019,0.7283600000000018,304075.416736983
2026-06-03T00:00:00+00:00,0.7283600000000018,0.7292300000000018,0.7147400000000018,0.7150800000000018,530642.711271432
2026-06-06T00:00:00+00:00,0.7150800000000018,0.7202600000000017,0.7145400000000016,0.7164800000000017,306001.7515110151
2026-06-09T00:00:00+00:00,0.7164800000000017,0.7196400000000016,0.7109100000000016,0.7177700000000016,1015325.2484187395
2026-06-12T00:00:00+00:00,0.7177700000000016,0.7223800000000016,0.7151400000000016,0.7210500000000016,308248.6627401202
2026-06-15T00:00:00+00:00,0.7210500000000016,0.7224000000000015,0.7129100000000016,0.7152300000000016,505295.4021482698
2026-06-18T00:00:00+00:00,0.7152300000000016,0.7175600000000014,0.7122900000000015,0.7146100000000016,341417.7645947055
2026-06-21T00:00:00+00:00,0.7146100000000016,0.7149000000000015,0.7036700000000016,0.7044900000000015,354723.46973933827
2026-06-24T00:00:00+00:00,0.7044900000000015,0.7063200000000013,0.7011100000000012,0.7024500000000011,587203.6811234916
2026-06-27T00:00:00+00:00,0.7024500000000011,0.7044500000000011,0.7017300000000012,0.7021900000000011,167525.01605733362
2026-06-30T00:00:00+00:00,0.7021900000000011,0.7082500000000013,0.7004800000000011,0.7054400000000013,537025.1459085945
2026-07-03T00:00:00+00:00,0.7054400000000013,0.7088400000000012,0.7049500000000013,0.7079000000000014,119190.05840370456
2026-07-06T00:00:00+00:00,0.7079000000000014,0.7103000000000014,0.7046200000000014,0.7076200000000014,498736.39291754196
2026-07-09T00:00:00+00:00,0.7076200000000014,0.7108700000000014,0.7065400000000014,0.7088300000000014,279043.0801117063
2026-07-12T00:00:00+00:00,0.7088300000000014,0.7145400000000013,0.7062400000000014,0.7127600000000012,420120.09735263477
2026-07-15T00:00:00+00:00,0.7127600000000012,0.7172500000000012,0.7115900000000013,0.7128900000000012,481078.91774329287
2026-07-18T00:00:00+00:00,0.7128900000000012,0.717930000000001,0.7125500000000013,0.716220000000001,174097.00909875942
2026-07-21T00:00:00+00:00,0.716220000000001,0.7188600000000009,0.7123300000000011,0.7129200000000011,449488.4924197523
2026-07-24T00:00:00+00:00,0.7129200000000011,0.716300000000001,0.7128200000000011,0.7135400000000011,147576.16202736754
2026-07-27T00:00:00+00:00,0.7135400000000011,0.715260000000001,0.706200000000001,0.7098600000000012,551000.2533438
2026-07-30T00:00:00+00:00,0.7098600000000012,0.7185500000000009,0.708590000000001,0.7168400000000009,382332.58590565866
2026-08-02T00:00:00+00:00,0.7168400000000009,0.717070000000001,0.710440000000001,0.7166700000000009,298479.8741674564
2026-08-05T00:00:00+00:00,0.7166700000000009,0.7196700000000007,0.7141200000000008,0.7182600000000007,423776.6730701147
2026-08-08T00:00:00+00:00,0.7182600000000007,0.7196800000000008,0.7172300000000008,0.717540000000001,119416.39361195128
2026-08-11T00:00:00+00:00,0.717540000000001,0.7211200000000011,0.7159900000000009,0.7184100000000008,389831.3459465932
2026-08-14T00:00:00+00:00,0.7184100000000008,0.7216700000000008,0.7176200000000008,0.7201100000000008,103988.63321901145
2026-08-17T00:00:00+00:00,0.7201100000000008,0.7245600000000009,0.7182400000000009,0.7237100000000009,426477.67660400795
2026-08-20T00:00:00+00:00,0.7237100000000009,0.7294500000000009,0.7216700000000009,0.7283800000000009,318548.8309709106
2026-08-23T00:00:00+00:00,0.71566,0.71768,0.71376,0.71641,288028
2026-08-26T00:00:00+00:00,0.71641,0.72074,0.71555,0.71591,429657
2026-08-29T00:00:00+00:00,0.71518,0.7170799999999999,0.71518,0.7170699999999999,151017
2026-09-01T00:00:00+00:00,0.7170699999999999,0.7180699999999999,0.7138699999999999,0.7145599999999999,181558
